,Participant_id,Chain_id,Generation,condition,Value,Group,Valence
0,1101,1,1,Avg_In_Neg,47.66666667,In,Neg
1,1102,1,2,Avg_In_Neg,47.24074074,In,Neg
2,1103,1,3,Avg_In_Neg,46.55555329,In,Neg
3,1104,1,4,Avg_In_Neg,47,In,Neg
4,1105,1,5,Avg_In_Neg,43.46296296,In,Neg
5,1106,1,6,Avg_In_Neg,42.48148148,In,Neg
6,1107,1,7,Avg_In_Neg,42.24074074,In,Neg
7,1108,1,8,Avg_In_Neg,42.55555556,In,Neg
8,1109,1,9,Avg_In_Neg,41.2037037,In,Neg
9,1110,1,10,Avg_In_Neg,47.16666667,In,Neg
10,1201,2,1,Avg_In_Neg,52.68518519,In,Neg
11,1202,2,2,Avg_In_Neg,52.81481481,In,Neg
12,1203,2,3,Avg_In_Neg,51.92592593,In,Neg
13,1204,2,4,Avg_In_Neg,50.61111111,In,Neg
14,1205,2,5,Avg_In_Neg,51.81481481,In,Neg
15,1206,2,6,Avg_In_Neg,52.07407407,In,Neg
16,1207,2,7,Avg_In_Neg,51.42592593,In,Neg
17,1208,2,8,Avg_In_Neg,49.33333333,In,Neg
18,1209,2,9,Avg_In_Neg,48.16666667,In,Neg
19,1210,2,10,Avg_In_Neg,48.75925926,In,Neg
20,1301,3,1,Avg_In_Neg,46.77765662,In,Neg
21,1302,3,2,Avg_In_Neg,44.33333333,In,Neg
22,1303,3,3,Avg_In_Neg,41.7037037,In,Neg
23,1304,3,4,Avg_In_Neg,39.09259259,In,Neg
24,1305,3,5,Avg_In_Neg,38.7037037,In,Neg
25,1306,3,6,Avg_In_Neg,35.83333333,In,Neg
26,1307,3,7,Avg_In_Neg,33.51851852,In,Neg
27,1308,3,8,Avg_In_Neg,33.57777744,In,Neg
28,1309,3,9,Avg_In_Neg,32.55555556,In,Neg
29,1310,3,10,Avg_In_Neg,26.68518519,In,Neg
30,1401,4,1,Avg_In_Neg,49.01851852,In,Neg
31,1402,4,2,Avg_In_Neg,48.7037037,In,Neg
32,1403,4,3,Avg_In_Neg,41.64814815,In,Neg
33,1404,4,4,Avg_In_Neg,42.03703704,In,Neg
34,1405,4,5,Avg_In_Neg,39.57407407,In,Neg
35,1406,4,6,Avg_In_Neg,34.40740741,In,Neg
36,1407,4,7,Avg_In_Neg,25.85185185,In,Neg
37,1408,4,8,Avg_In_Neg,31.72222222,In,Neg
38,1409,4,9,Avg_In_Neg,31.61111111,In,Neg
39,1410,4,10,Avg_In_Neg,21.77777778,In,Neg
40,1501,5,1,Avg_In_Neg,45.11111111,In,Neg
41,1502,5,2,Avg_In_Neg,43.33333333,In,Neg
42,1503,5,3,Avg_In_Neg,42.53703704,In,Neg
43,1504,5,4,Avg_In_Neg,40.14814815,In,Neg
44,1505,5,5,Avg_In_Neg,38.2962963,In,Neg
45,1506,5,6,Avg_In_Neg,34.38888889,In,Neg
46,1507,5,7,Avg_In_Neg,35.31481481,In,Neg
47,1508,5,8,Avg_In_Neg,34.77777778,In,Neg
48,1509,5,9,Avg_In_Neg,34.62962963,In,Neg
49,1510,5,10,Avg_In_Neg,30.22222222,In,Neg
50,1601,6,1,Avg_In_Neg,47.05555556,In,Neg
51,1602,6,2,Avg_In_Neg,44.53703704,In,Neg
52,1603,6,3,Avg_In_Neg,42.14814815,In,Neg
53,1604,6,4,Avg_In_Neg,38.90740741,In,Neg
54,1605,6,5,Avg_In_Neg,39.46296296,In,Neg
55,1606,6,6,Avg_In_Neg,43.66666667,In,Neg
56,1607,6,7,Avg_In_Neg,43.33333333,In,Neg
57,1608,6,8,Avg_In_Neg,44.42592593,In,Neg
58,1609,6,9,Avg_In_Neg,41.48148191,In,Neg
59,1610,6,10,Avg_In_Neg,38.88888889,In,Neg
60,1701,7,1,Avg_In_Neg,54.51851852,In,Neg
61,1702,7,2,Avg_In_Neg,55.07407407,In,Neg
62,1703,7,3,Avg_In_Neg,55.16666667,In,Neg
63,1704,7,4,Avg_In_Neg,52.98148148,In,Neg
64,1705,7,5,Avg_In_Neg,49.46296296,In,Neg
65,1706,7,6,Avg_In_Neg,49.64814815,In,Neg
66,1707,7,7,Avg_In_Neg,54.62962963,In,Neg
67,1708,7,8,Avg_In_Neg,54.5,In,Neg
68,1709,7,9,Avg_In_Neg,49.2037037,In,Neg
69,1710,7,10,Avg_In_Neg,39.74074074,In,Neg
70,1801,8,1,Avg_In_Neg,50.11111111,In,Neg
71,1802,8,2,Avg_In_Neg,49.37037037,In,Neg
72,1803,8,3,Avg_In_Neg,42.48148148,In,Neg
73,1804,8,4,Avg_In_Neg,40.74074074,In,Neg
74,1805,8,5,Avg_In_Neg,40.9629607,In,Neg
75,1806,8,6,Avg_In_Neg,39.09259259,In,Neg
76,1807,8,7,Avg_In_Neg,34.44444444,In,Neg
77,1808,8,8,Avg_In_Neg,32.53703704,In,Neg
78,1809,8,9,Avg_In_Neg,28.83333333,In,Neg
79,1810,8,10,Avg_In_Neg,23.57407407,In,Neg
80,1901,9,1,Avg_In_Neg,49.11111111,In,Neg
81,1902,9,2,Avg_In_Neg,50.44444444,In,Neg
82,1903,9,3,Avg_In_Neg,42.61111111,In,Neg
83,1904,9,4,Avg_In_Neg,47.14814815,In,Neg
84,1905,9,5,Avg_In_Neg,47.14814815,In,Neg
85,1906,9,6,Avg_In_Neg,44.94444444,In,Neg
86,1907,9,7,Avg_In_Neg,42.01851852,In,Neg
87,1908,9,8,Avg_In_Neg,43.18518519,In,Neg
88,1909,9,9,Avg_In_Neg,40.5,In,Neg
89,1910,9,10,Avg_In_Neg,39.36643176,In,Neg
90,2001,10,1,Avg_In_Neg,46.83333333,In,Neg
91,2002,10,2,Avg_In_Neg,46.38888889,In,Neg
92,2003,10,3,Avg_In_Neg,45.2098731,In,Neg
93,2004,10,4,Avg_In_Neg,42.48148148,In,Neg
94,2005,10,5,Avg_In_Neg,38.37037037,In,Neg
95,2006,10,6,Avg_In_Neg,33.94444444,In,Neg
96,2007,10,7,Avg_In_Neg,32.94444444,In,Neg
97,2008,10,8,Avg_In_Neg,32.09259259,In,Neg
98,2009,10,9,Avg_In_Neg,33.72221996,In,Neg
99,2009,10,10,Avg_In_Neg,32.57407407,In,Neg
100,2101,11,1,Avg_In_Neg,50.98148148,In,Neg
101,2102,11,2,Avg_In_Neg,51.98148148,In,Neg
102,2103,11,3,Avg_In_Neg,50.11111111,In,Neg
103,2104,11,4,Avg_In_Neg,48.46296296,In,Neg
104,2105,11,5,Avg_In_Neg,46.61111111,In,Neg
105,2106,11,6,Avg_In_Neg,44.65258541,In,Neg
106,2107,11,7,Avg_In_Neg,49.11111111,In,Neg
107,2108,11,8,Avg_In_Neg,47.92592593,In,Neg
108,2109,11,9,Avg_In_Neg,54.7962963,In,Neg
109,2110,11,10,Avg_In_Neg,51.66666667,In,Neg
110,2201,12,1,Avg_In_Neg,53.55555556,In,Neg
111,2202,12,2,Avg_In_Neg,51.98148148,In,Neg
112,2203,12,3,Avg_In_Neg,49.53703704,In,Neg
113,2204,12,4,Avg_In_Neg,47.44444444,In,Neg
114,2205,12,5,Avg_In_Neg,37.07407407,In,Neg
115,2206,12,6,Avg_In_Neg,35.14814815,In,Neg
116,2207,12,7,Avg_In_Neg,34.61111111,In,Neg
117,2208,12,8,Avg_In_Neg,30.5,In,Neg
118,2209,12,9,Avg_In_Neg,29.61111111,In,Neg
119,2210,12,10,Avg_In_Neg,27.40740684,In,Neg
120,2301,13,1,Avg_In_Neg,45.18518519,In,Neg
121,2302,13,2,Avg_In_Neg,45.11111111,In,Neg
122,2303,13,3,Avg_In_Neg,43.59259259,In,Neg
123,2304,13,4,Avg_In_Neg,40.03703704,In,Neg
124,2305,13,5,Avg_In_Neg,38.46296296,In,Neg
125,2306,13,6,Avg_In_Neg,41.59259259,In,Neg
126,2307,13,7,Avg_In_Neg,40.87037037,In,Neg
127,2308,13,8,Avg_In_Neg,38.64814815,In,Neg
128,2309,13,9,Avg_In_Neg,38.2962963,In,Neg
129,2310,13,10,Avg_In_Neg,37.59259259,In,Neg
130,2401,14,1,Avg_In_Neg,43.66498255,In,Neg
131,2402,14,2,Avg_In_Neg,35.57407407,In,Neg
132,2403,14,3,Avg_In_Neg,29.40740741,In,Neg
133,2404,14,4,Avg_In_Neg,31.87037037,In,Neg
134,2405,14,5,Avg_In_Neg,26.66666667,In,Neg
135,2406,14,6,Avg_In_Neg,22.88888889,In,Neg
136,2407,14,7,Avg_In_Neg,20.55555556,In,Neg
137,2408,14,8,Avg_In_Neg,17.75925926,In,Neg
138,2409,14,9,Avg_In_Neg,14.61111111,In,Neg
139,2410,14,10,Avg_In_Neg,10.98148148,In,Neg
140,2501,15,1,Avg_In_Neg,49.77777778,In,Neg
141,2502,15,2,Avg_In_Neg,45.48148148,In,Neg
142,2503,15,3,Avg_In_Neg,40.2037037,In,Neg
143,2504,15,4,Avg_In_Neg,46.07407407,In,Neg
144,2505,15,5,Avg_In_Neg,40.77777778,In,Neg
145,2506,15,6,Avg_In_Neg,38,In,Neg
146,2507,15,7,Avg_In_Neg,34,In,Neg
147,2508,15,8,Avg_In_Neg,35,In,Neg
148,2509,15,9,Avg_In_Neg,29.64814815,In,Neg
149,2510,15,10,Avg_In_Neg,32.25925926,In,Neg
150,2601,16,1,Avg_In_Neg,53.57407407,In,Neg
151,2602,16,2,Avg_In_Neg,50.07407407,In,Neg
152,2603,16,3,Avg_In_Neg,44.87037037,In,Neg
153,2604,16,4,Avg_In_Neg,40.7962963,In,Neg
154,2605,16,5,Avg_In_Neg,39.42592593,In,Neg
155,2606,16,6,Avg_In_Neg,35.92592593,In,Neg
156,2607,16,7,Avg_In_Neg,34.31481481,In,Neg
157,2608,16,8,Avg_In_Neg,34.44444444,In,Neg
158,2609,16,9,Avg_In_Neg,34.24074074,In,Neg
159,2610,16,10,Avg_In_Neg,32.83333333,In,Neg
160,2701,17,1,Avg_In_Neg,51.46296296,In,Neg
161,2702,17,2,Avg_In_Neg,51.05555556,In,Neg
162,2703,17,3,Avg_In_Neg,51.2037037,In,Neg
163,2704,17,4,Avg_In_Neg,45,In,Neg
164,2705,17,5,Avg_In_Neg,46.55555556,In,Neg
165,2706,17,6,Avg_In_Neg,43.7037037,In,Neg
166,2707,17,7,Avg_In_Neg,39.27777778,In,Neg
167,2708,17,8,Avg_In_Neg,32.61111111,In,Neg
168,2709,17,9,Avg_In_Neg,33.7962963,In,Neg
169,2710,17,10,Avg_In_Neg,32.55555556,In,Neg
170,2801,18,1,Avg_In_Neg,44.75925926,In,Neg
171,2802,18,2,Avg_In_Neg,43.66666667,In,Neg
172,2803,18,3,Avg_In_Neg,43.46296296,In,Neg
173,2804,18,4,Avg_In_Neg,42.2962963,In,Neg
174,2805,18,5,Avg_In_Neg,43.07407407,In,Neg
175,2806,18,6,Avg_In_Neg,41.25925926,In,Neg
176,2807,18,7,Avg_In_Neg,38.51851852,In,Neg
177,2808,18,8,Avg_In_Neg,39.7037037,In,Neg
178,2809,18,9,Avg_In_Neg,40.14814815,In,Neg
179,2810,18,10,Avg_In_Neg,42.44444444,In,Neg
180,1100,1,0,Avg_In_Neg,50.66666667,In,Neg
181,1200,2,0,Avg_In_Neg,53.83333333,In,Neg
182,1300,3,0,Avg_In_Neg,47.16666667,In,Neg
183,1400,4,0,Avg_In_Neg,51.5,In,Neg
184,1500,5,0,Avg_In_Neg,47.33333333,In,Neg
185,1600,6,0,Avg_In_Neg,46.83333333,In,Neg
186,1700,7,0,Avg_In_Neg,52.5,In,Neg
187,1800,8,0,Avg_In_Neg,50.83333333,In,Neg
188,1900,9,0,Avg_In_Neg,49,In,Neg
189,2000,10,0,Avg_In_Neg,47,In,Neg
190,2100,11,0,Avg_In_Neg,51.16666667,In,Neg
191,2200,12,0,Avg_In_Neg,55.83333333,In,Neg
192,2300,13,0,Avg_In_Neg,46.83333333,In,Neg
193,2400,14,0,Avg_In_Neg,45.33333333,In,Neg
194,2500,15,0,Avg_In_Neg,53.83333333,In,Neg
195,2600,16,0,Avg_In_Neg,51.5,In,Neg
196,2700,17,0,Avg_In_Neg,51.5,In,Neg
197,2800,18,0,Avg_In_Neg,47.33333333,In,Neg
198,1101,1,1,Avg_Ou_Neg,47.40740741,Ou,Neg
199,1102,1,2,Avg_Ou_Neg,44.48148148,Ou,Neg
200,1103,1,3,Avg_Ou_Neg,42.66666441,Ou,Neg
201,1104,1,4,Avg_Ou_Neg,39.33333333,Ou,Neg
202,1105,1,5,Avg_Ou_Neg,38.88888889,Ou,Neg
203,1106,1,6,Avg_Ou_Neg,37.66666667,Ou,Neg
204,1107,1,7,Avg_Ou_Neg,37.87037037,Ou,Neg
205,1108,1,8,Avg_Ou_Neg,36.74074074,Ou,Neg
206,1109,1,9,Avg_Ou_Neg,34.85185185,Ou,Neg
207,1110,1,10,Avg_Ou_Neg,30.37037037,Ou,Neg
208,1201,2,1,Avg_Ou_Neg,49.35185185,Ou,Neg
209,1202,2,2,Avg_Ou_Neg,51.18518519,Ou,Neg
210,1203,2,3,Avg_Ou_Neg,50.72222222,Ou,Neg
211,1204,2,4,Avg_Ou_Neg,49.90740741,Ou,Neg
212,1205,2,5,Avg_Ou_Neg,48.55555556,Ou,Neg
213,1206,2,6,Avg_Ou_Neg,50.05555556,Ou,Neg
214,1207,2,7,Avg_Ou_Neg,50.61111111,Ou,Neg
215,1208,2,8,Avg_Ou_Neg,50.85185185,Ou,Neg
216,1209,2,9,Avg_Ou_Neg,50.46296296,Ou,Neg
217,1210,2,10,Avg_Ou_Neg,50.66666667,Ou,Neg
218,1301,3,1,Avg_Ou_Neg,50.66654577,Ou,Neg
219,1302,3,2,Avg_Ou_Neg,49.66666667,Ou,Neg
220,1303,3,3,Avg_Ou_Neg,45.87037037,Ou,Neg
221,1304,3,4,Avg_Ou_Neg,43.05555556,Ou,Neg
222,1305,3,5,Avg_Ou_Neg,40.83333333,Ou,Neg
223,1306,3,6,Avg_Ou_Neg,37.98148148,Ou,Neg
224,1307,3,7,Avg_Ou_Neg,31.53703704,Ou,Neg
225,1308,3,8,Avg_Ou_Neg,31.79999966,Ou,Neg
226,1309,3,9,Avg_Ou_Neg,31.2037037,Ou,Neg
227,1310,3,10,Avg_Ou_Neg,28.35185185,Ou,Neg
228,1401,4,1,Avg_Ou_Neg,45.09259259,Ou,Neg
229,1402,4,2,Avg_Ou_Neg,43.22222222,Ou,Neg
230,1403,4,3,Avg_Ou_Neg,45.05555556,Ou,Neg
231,1404,4,4,Avg_Ou_Neg,46.42592593,Ou,Neg
232,1405,4,5,Avg_Ou_Neg,44.7962963,Ou,Neg
233,1406,4,6,Avg_Ou_Neg,43.46296296,Ou,Neg
234,1407,4,7,Avg_Ou_Neg,38.51851852,Ou,Neg
235,1408,4,8,Avg_Ou_Neg,27.51851852,Ou,Neg
236,1409,4,9,Avg_Ou_Neg,27.61111111,Ou,Neg
237,1410,4,10,Avg_Ou_Neg,34.61111111,Ou,Neg
238,1501,5,1,Avg_Ou_Neg,46.66666667,Ou,Neg
239,1502,5,2,Avg_Ou_Neg,49.94444444,Ou,Neg
240,1503,5,3,Avg_Ou_Neg,48.01851852,Ou,Neg
241,1504,5,4,Avg_Ou_Neg,47.53703704,Ou,Neg
242,1505,5,5,Avg_Ou_Neg,45.61111111,Ou,Neg
243,1506,5,6,Avg_Ou_Neg,46.64814815,Ou,Neg
244,1507,5,7,Avg_Ou_Neg,35.85185185,Ou,Neg
245,1508,5,8,Avg_Ou_Neg,32.51851852,Ou,Neg
246,1509,5,9,Avg_Ou_Neg,30,Ou,Neg
247,1510,5,10,Avg_Ou_Neg,26.14814815,Ou,Neg
248,1601,6,1,Avg_Ou_Neg,48.01851852,Ou,Neg
249,1602,6,2,Avg_Ou_Neg,44.48148148,Ou,Neg
250,1603,6,3,Avg_Ou_Neg,43.05555556,Ou,Neg
251,1604,6,4,Avg_Ou_Neg,39.37037037,Ou,Neg
252,1605,6,5,Avg_Ou_Neg,39.92592593,Ou,Neg
253,1606,6,6,Avg_Ou_Neg,39.74074074,Ou,Neg
254,1607,6,7,Avg_Ou_Neg,38.33333333,Ou,Neg
255,1608,6,8,Avg_Ou_Neg,39.25925926,Ou,Neg
256,1609,6,9,Avg_Ou_Neg,43.7037037,Ou,Neg
257,1610,6,10,Avg_Ou_Neg,41.14814815,Ou,Neg
258,1701,7,1,Avg_Ou_Neg,51.64814815,Ou,Neg
259,1702,7,2,Avg_Ou_Neg,50.94444444,Ou,Neg
260,1703,7,3,Avg_Ou_Neg,48.37037037,Ou,Neg
261,1704,7,4,Avg_Ou_Neg,44.33333333,Ou,Neg
262,1705,7,5,Avg_Ou_Neg,42.85185185,Ou,Neg
263,1706,7,6,Avg_Ou_Neg,42.37037037,Ou,Neg
264,1707,7,7,Avg_Ou_Neg,38.27777778,Ou,Neg
265,1708,7,8,Avg_Ou_Neg,37.7962963,Ou,Neg
266,1709,7,9,Avg_Ou_Neg,30.85185185,Ou,Neg
267,1710,7,10,Avg_Ou_Neg,31.35185185,Ou,Neg
268,1801,8,1,Avg_Ou_Neg,51.68518519,Ou,Neg
269,1802,8,2,Avg_Ou_Neg,53.62962963,Ou,Neg
270,1803,8,3,Avg_Ou_Neg,55.96296296,Ou,Neg
271,1804,8,4,Avg_Ou_Neg,53.66666667,Ou,Neg
272,1805,8,5,Avg_Ou_Neg,53.14814589,Ou,Neg
273,1806,8,6,Avg_Ou_Neg,50.37037037,Ou,Neg
274,1807,8,7,Avg_Ou_Neg,47.72222222,Ou,Neg
275,1808,8,8,Avg_Ou_Neg,47.24074074,Ou,Neg
276,1809,8,9,Avg_Ou_Neg,47.62962963,Ou,Neg
277,1810,8,10,Avg_Ou_Neg,45.22222222,Ou,Neg
278,1901,9,1,Avg_Ou_Neg,46.75925926,Ou,Neg
279,1902,9,2,Avg_Ou_Neg,42.03703704,Ou,Neg
280,1903,9,3,Avg_Ou_Neg,38.38888889,Ou,Neg
281,1904,9,4,Avg_Ou_Neg,41.66666667,Ou,Neg
282,1905,9,5,Avg_Ou_Neg,42.88888889,Ou,Neg
283,1906,9,6,Avg_Ou_Neg,32.75925926,Ou,Neg
284,1907,9,7,Avg_Ou_Neg,29.57407407,Ou,Neg
285,1908,9,8,Avg_Ou_Neg,34.2037037,Ou,Neg
286,1909,9,9,Avg_Ou_Neg,26.83333333,Ou,Neg
287,1910,9,10,Avg_Ou_Neg,25.12553263,Ou,Neg
288,2001,10,1,Avg_Ou_Neg,49.53703704,Ou,Neg
289,2002,10,2,Avg_Ou_Neg,47,Ou,Neg
290,2003,10,3,Avg_Ou_Neg,47.33950259,Ou,Neg
291,2004,10,4,Avg_Ou_Neg,48.77777778,Ou,Neg
292,2005,10,5,Avg_Ou_Neg,48.16666667,Ou,Neg
293,2006,10,6,Avg_Ou_Neg,49.87037037,Ou,Neg
294,2007,10,7,Avg_Ou_Neg,51.87037037,Ou,Neg
295,2008,10,8,Avg_Ou_Neg,50.85185185,Ou,Neg
296,2009,10,9,Avg_Ou_Neg,51.81481255,Ou,Neg
297,2009,10,10,Avg_Ou_Neg,47.98148148,Ou,Neg
298,2101,11,1,Avg_Ou_Neg,56.59259259,Ou,Neg
299,2102,11,2,Avg_Ou_Neg,58.61111111,Ou,Neg
300,2103,11,3,Avg_Ou_Neg,54.53703704,Ou,Neg
301,2104,11,4,Avg_Ou_Neg,52.92592593,Ou,Neg
302,2105,11,5,Avg_Ou_Neg,51.40740741,Ou,Neg
303,2106,11,6,Avg_Ou_Neg,49.65258575,Ou,Neg
304,2107,11,7,Avg_Ou_Neg,45.42592593,Ou,Neg
305,2108,11,8,Avg_Ou_Neg,41.42592593,Ou,Neg
306,2109,11,9,Avg_Ou_Neg,32.7962963,Ou,Neg
307,2110,11,10,Avg_Ou_Neg,29.94444444,Ou,Neg
308,2201,12,1,Avg_Ou_Neg,49.18518519,Ou,Neg
309,2202,12,2,Avg_Ou_Neg,44.90740741,Ou,Neg
310,2203,12,3,Avg_Ou_Neg,43,Ou,Neg
311,2204,12,4,Avg_Ou_Neg,41.96296296,Ou,Neg
312,2205,12,5,Avg_Ou_Neg,50.05555556,Ou,Neg
313,2206,12,6,Avg_Ou_Neg,49.83333333,Ou,Neg
314,2207,12,7,Avg_Ou_Neg,50.44444444,Ou,Neg
315,2208,12,8,Avg_Ou_Neg,45.46296296,Ou,Neg
316,2209,12,9,Avg_Ou_Neg,45.59259259,Ou,Neg
317,2210,12,10,Avg_Ou_Neg,52.81481481,Ou,Neg
318,2301,13,1,Avg_Ou_Neg,45.2962963,Ou,Neg
319,2302,13,2,Avg_Ou_Neg,52.35185185,Ou,Neg
320,2303,13,3,Avg_Ou_Neg,53.25925926,Ou,Neg
321,2304,13,4,Avg_Ou_Neg,51.01851852,Ou,Neg
322,2305,13,5,Avg_Ou_Neg,50.09259259,Ou,Neg
323,2306,13,6,Avg_Ou_Neg,49.25925926,Ou,Neg
324,2307,13,7,Avg_Ou_Neg,47.77777778,Ou,Neg
325,2308,13,8,Avg_Ou_Neg,46.77777778,Ou,Neg
326,2309,13,9,Avg_Ou_Neg,45.05555556,Ou,Neg
327,2310,13,10,Avg_Ou_Neg,45.68518519,Ou,Neg
328,2401,14,1,Avg_Ou_Neg,45.57238996,Ou,Neg
329,2402,14,2,Avg_Ou_Neg,44.77777778,Ou,Neg
330,2403,14,3,Avg_Ou_Neg,49,Ou,Neg
331,2404,14,4,Avg_Ou_Neg,47.24074074,Ou,Neg
332,2405,14,5,Avg_Ou_Neg,45.51851852,Ou,Neg
333,2406,14,6,Avg_Ou_Neg,43.57407407,Ou,Neg
334,2407,14,7,Avg_Ou_Neg,40.98148148,Ou,Neg
335,2408,14,8,Avg_Ou_Neg,40.92592593,Ou,Neg
336,2409,14,9,Avg_Ou_Neg,37.72222222,Ou,Neg
337,2410,14,10,Avg_Ou_Neg,33.51851852,Ou,Neg
338,2501,15,1,Avg_Ou_Neg,48.18518519,Ou,Neg
339,2502,15,2,Avg_Ou_Neg,49.96296296,Ou,Neg
340,2503,15,3,Avg_Ou_Neg,52.09259259,Ou,Neg
341,2504,15,4,Avg_Ou_Neg,49.61111111,Ou,Neg
342,2505,15,5,Avg_Ou_Neg,41.31481481,Ou,Neg
343,2506,15,6,Avg_Ou_Neg,38.53703704,Ou,Neg
344,2507,15,7,Avg_Ou_Neg,34.24074074,Ou,Neg
345,2508,15,8,Avg_Ou_Neg,34.61111111,Ou,Neg
346,2509,15,9,Avg_Ou_Neg,29.75925926,Ou,Neg
347,2510,15,10,Avg_Ou_Neg,27.92592593,Ou,Neg
348,2601,16,1,Avg_Ou_Neg,51.38888889,Ou,Neg
349,2602,16,2,Avg_Ou_Neg,50.24074074,Ou,Neg
350,2603,16,3,Avg_Ou_Neg,53.94444444,Ou,Neg
351,2604,16,4,Avg_Ou_Neg,52.72222222,Ou,Neg
352,2605,16,5,Avg_Ou_Neg,47.03703704,Ou,Neg
353,2606,16,6,Avg_Ou_Neg,44.92592593,Ou,Neg
354,2607,16,7,Avg_Ou_Neg,41.7962963,Ou,Neg
355,2608,16,8,Avg_Ou_Neg,40.66666667,Ou,Neg
356,2609,16,9,Avg_Ou_Neg,40.83333333,Ou,Neg
357,2610,16,10,Avg_Ou_Neg,39.01851852,Ou,Neg
358,2701,17,1,Avg_Ou_Neg,43.37037037,Ou,Neg
359,2702,17,2,Avg_Ou_Neg,33.66666667,Ou,Neg
360,2703,17,3,Avg_Ou_Neg,31.37037037,Ou,Neg
361,2704,17,4,Avg_Ou_Neg,21.92592593,Ou,Neg
362,2705,17,5,Avg_Ou_Neg,23,Ou,Neg
363,2706,17,6,Avg_Ou_Neg,19.87037037,Ou,Neg
364,2707,17,7,Avg_Ou_Neg,14.59259259,Ou,Neg
365,2708,17,8,Avg_Ou_Neg,16.81481481,Ou,Neg
366,2709,17,9,Avg_Ou_Neg,17.12962963,Ou,Neg
367,2710,17,10,Avg_Ou_Neg,14.27777778,Ou,Neg
368,2801,18,1,Avg_Ou_Neg,53.31481481,Ou,Neg
369,2802,18,2,Avg_Ou_Neg,59.42592593,Ou,Neg
370,2803,18,3,Avg_Ou_Neg,53.27777778,Ou,Neg
371,2804,18,4,Avg_Ou_Neg,52.55555556,Ou,Neg
372,2805,18,5,Avg_Ou_Neg,51.07407407,Ou,Neg
373,2806,18,6,Avg_Ou_Neg,49.46296296,Ou,Neg
374,2807,18,7,Avg_Ou_Neg,46.7962963,Ou,Neg
375,2808,18,8,Avg_Ou_Neg,49.46296296,Ou,Neg
376,2809,18,9,Avg_Ou_Neg,49.48148148,Ou,Neg
377,2810,18,10,Avg_Ou_Neg,40.40740741,Ou,Neg
378,1100,1,0,Avg_Ou_Neg,53.83333333,Ou,Neg
379,1200,2,0,Avg_Ou_Neg,50.66666667,Ou,Neg
380,1300,3,0,Avg_Ou_Neg,51.5,Ou,Neg
381,1400,4,0,Avg_Ou_Neg,47.16666667,Ou,Neg
382,1500,5,0,Avg_Ou_Neg,46.83333333,Ou,Neg
383,1600,6,0,Avg_Ou_Neg,47.33333333,Ou,Neg
384,1700,7,0,Avg_Ou_Neg,50.83333333,Ou,Neg
385,1800,8,0,Avg_Ou_Neg,52.5,Ou,Neg
386,1900,9,0,Avg_Ou_Neg,47,Ou,Neg
387,2000,10,0,Avg_Ou_Neg,49,Ou,Neg
388,2100,11,0,Avg_Ou_Neg,55.83333333,Ou,Neg
389,2200,12,0,Avg_Ou_Neg,51.16666667,Ou,Neg
390,2300,13,0,Avg_Ou_Neg,45.33333333,Ou,Neg
391,2400,14,0,Avg_Ou_Neg,46.83333333,Ou,Neg
392,2500,15,0,Avg_Ou_Neg,51.5,Ou,Neg
393,2600,16,0,Avg_Ou_Neg,53.83333333,Ou,Neg
394,2700,17,0,Avg_Ou_Neg,47.33333333,Ou,Neg
395,2800,18,0,Avg_Ou_Neg,51.5,Ou,Neg
396,1101,1,1,Avg_In_Neu,43.77777778,In,Neu
397,1102,1,2,Avg_In_Neu,40.7962963,In,Neu
398,1103,1,3,Avg_In_Neu,38.79629404,In,Neu
399,1104,1,4,Avg_In_Neu,34.44444444,In,Neu
400,1105,1,5,Avg_In_Neu,30.25925926,In,Neu
401,1106,1,6,Avg_In_Neu,30.61111111,In,Neu
402,1107,1,7,Avg_In_Neu,28.03703704,In,Neu
403,1108,1,8,Avg_In_Neu,27.75925926,In,Neu
404,1109,1,9,Avg_In_Neu,26.12962963,In,Neu
405,1110,1,10,Avg_In_Neu,25.07407407,In,Neu
406,1201,2,1,Avg_In_Neu,43.72222222,In,Neu
407,1202,2,2,Avg_In_Neu,48.62962963,In,Neu
408,1203,2,3,Avg_In_Neu,48.94444444,In,Neu
409,1204,2,4,Avg_In_Neu,49.27777778,In,Neu
410,1205,2,5,Avg_In_Neu,48.92592593,In,Neu
411,1206,2,6,Avg_In_Neu,50.35185185,In,Neu
412,1207,2,7,Avg_In_Neu,49.98148148,In,Neu
413,1208,2,8,Avg_In_Neu,48.16666667,In,Neu
414,1209,2,9,Avg_In_Neu,45.59259259,In,Neu
415,1210,2,10,Avg_In_Neu,43.98148148,In,Neu
416,1301,3,1,Avg_In_Neu,52.55543479,In,Neu
417,1302,3,2,Avg_In_Neu,50.11111111,In,Neu
418,1303,3,3,Avg_In_Neu,47.61111111,In,Neu
419,1304,3,4,Avg_In_Neu,46.51851852,In,Neu
420,1305,3,5,Avg_In_Neu,43.31481481,In,Neu
421,1306,3,6,Avg_In_Neu,39.98148148,In,Neu
422,1307,3,7,Avg_In_Neu,38.46296296,In,Neu
423,1308,3,8,Avg_In_Neu,36.76296262,In,Neu
424,1309,3,9,Avg_In_Neu,37.27777778,In,Neu
425,1310,3,10,Avg_In_Neu,33.53703704,In,Neu
426,1401,4,1,Avg_In_Neu,49.74074074,In,Neu
427,1402,4,2,Avg_In_Neu,51.61111111,In,Neu
428,1403,4,3,Avg_In_Neu,49.25925926,In,Neu
429,1404,4,4,Avg_In_Neu,54.53703704,In,Neu
430,1405,4,5,Avg_In_Neu,54.37037037,In,Neu
431,1406,4,6,Avg_In_Neu,51.03703704,In,Neu
432,1407,4,7,Avg_In_Neu,48.35185185,In,Neu
433,1408,4,8,Avg_In_Neu,44.57407407,In,Neu
434,1409,4,9,Avg_In_Neu,47.46296296,In,Neu
435,1410,4,10,Avg_In_Neu,44.74074074,In,Neu
436,1501,5,1,Avg_In_Neu,50.22222222,In,Neu
437,1502,5,2,Avg_In_Neu,49.96296296,In,Neu
438,1503,5,3,Avg_In_Neu,49.75925926,In,Neu
439,1504,5,4,Avg_In_Neu,47.16666667,In,Neu
440,1505,5,5,Avg_In_Neu,45.68518519,In,Neu
441,1506,5,6,Avg_In_Neu,34.59259259,In,Neu
442,1507,5,7,Avg_In_Neu,28.55555556,In,Neu
443,1508,5,8,Avg_In_Neu,26.81481481,In,Neu
444,1509,5,9,Avg_In_Neu,26.05555556,In,Neu
445,1510,5,10,Avg_In_Neu,26.16666667,In,Neu
446,1601,6,1,Avg_In_Neu,48.37037037,In,Neu
447,1602,6,2,Avg_In_Neu,47.64814815,In,Neu
448,1603,6,3,Avg_In_Neu,46.14814815,In,Neu
449,1604,6,4,Avg_In_Neu,44.66666667,In,Neu
450,1605,6,5,Avg_In_Neu,40.2037037,In,Neu
451,1606,6,6,Avg_In_Neu,45.90740741,In,Neu
452,1607,6,7,Avg_In_Neu,40.5,In,Neu
453,1608,6,8,Avg_In_Neu,38.03703704,In,Neu
454,1609,6,9,Avg_In_Neu,40.73456828,In,Neu
455,1610,6,10,Avg_In_Neu,47.2037037,In,Neu
456,1701,7,1,Avg_In_Neu,51.83333333,In,Neu
457,1702,7,2,Avg_In_Neu,49.81481481,In,Neu
458,1703,7,3,Avg_In_Neu,48.11111111,In,Neu
459,1704,7,4,Avg_In_Neu,44.81481481,In,Neu
460,1705,7,5,Avg_In_Neu,46.5,In,Neu
461,1706,7,6,Avg_In_Neu,45.53703704,In,Neu
462,1707,7,7,Avg_In_Neu,44.46296296,In,Neu
463,1708,7,8,Avg_In_Neu,43.98148148,In,Neu
464,1709,7,9,Avg_In_Neu,38.94444444,In,Neu
465,1710,7,10,Avg_In_Neu,32.85185185,In,Neu
466,1801,8,1,Avg_In_Neu,52,In,Neu
467,1802,8,2,Avg_In_Neu,51.07407407,In,Neu
468,1803,8,3,Avg_In_Neu,47.31481481,In,Neu
469,1804,8,4,Avg_In_Neu,47.18518519,In,Neu
470,1805,8,5,Avg_In_Neu,46.72221996,In,Neu
471,1806,8,6,Avg_In_Neu,45.2962963,In,Neu
472,1807,8,7,Avg_In_Neu,43.38888889,In,Neu
473,1808,8,8,Avg_In_Neu,42.35185185,In,Neu
474,1809,8,9,Avg_In_Neu,40.48148148,In,Neu
475,1810,8,10,Avg_In_Neu,37.18518519,In,Neu
476,1901,9,1,Avg_In_Neu,47.33333333,In,Neu
477,1902,9,2,Avg_In_Neu,47.68518519,In,Neu
478,1903,9,3,Avg_In_Neu,41.98148148,In,Neu
479,1904,9,4,Avg_In_Neu,38.85185185,In,Neu
480,1905,9,5,Avg_In_Neu,38.77777778,In,Neu
481,1906,9,6,Avg_In_Neu,42.01851852,In,Neu
482,1907,9,7,Avg_In_Neu,42.27777778,In,Neu
483,1908,9,8,Avg_In_Neu,42.03703704,In,Neu
484,1909,9,9,Avg_In_Neu,38.31481481,In,Neu
485,1910,9,10,Avg_In_Neu,37.90345252,In,Neu
486,2001,10,1,Avg_In_Neu,51.16666667,In,Neu
487,2002,10,2,Avg_In_Neu,50.05555556,In,Neu
488,2003,10,3,Avg_In_Neu,49.91357649,In,Neu
489,2004,10,4,Avg_In_Neu,47.81481481,In,Neu
490,2005,10,5,Avg_In_Neu,46.24074074,In,Neu
491,2006,10,6,Avg_In_Neu,44.96296296,In,Neu
492,2007,10,7,Avg_In_Neu,45.03703704,In,Neu
493,2008,10,8,Avg_In_Neu,43.51851852,In,Neu
494,2009,10,9,Avg_In_Neu,45.07407181,In,Neu
495,2009,10,10,Avg_In_Neu,44.48148148,In,Neu
496,2101,11,1,Avg_In_Neu,48.18518519,In,Neu
497,2102,11,2,Avg_In_Neu,49.40740741,In,Neu
498,2103,11,3,Avg_In_Neu,45.01851852,In,Neu
499,2104,11,4,Avg_In_Neu,43.96296296,In,Neu
500,2105,11,5,Avg_In_Neu,47.75925926,In,Neu
501,2106,11,6,Avg_In_Neu,43.87480758,In,Neu
502,2107,11,7,Avg_In_Neu,47.2962963,In,Neu
503,2108,11,8,Avg_In_Neu,45.31481481,In,Neu
504,2109,11,9,Avg_In_Neu,45.05555556,In,Neu
505,2110,11,10,Avg_In_Neu,43.7037037,In,Neu
506,2201,12,1,Avg_In_Neu,44.12962963,In,Neu
507,2202,12,2,Avg_In_Neu,33.66666667,In,Neu
508,2203,12,3,Avg_In_Neu,32.24074074,In,Neu
509,2204,12,4,Avg_In_Neu,28.68518519,In,Neu
510,2205,12,5,Avg_In_Neu,33.64814815,In,Neu
511,2206,12,6,Avg_In_Neu,36.40740741,In,Neu
512,2207,12,7,Avg_In_Neu,36.48148148,In,Neu
513,2208,12,8,Avg_In_Neu,34.05555556,In,Neu
514,2209,12,9,Avg_In_Neu,34.01851852,In,Neu
515,2210,12,10,Avg_In_Neu,40.59259259,In,Neu
516,2301,13,1,Avg_In_Neu,52.01851852,In,Neu
517,2302,13,2,Avg_In_Neu,49.18518519,In,Neu
518,2303,13,3,Avg_In_Neu,47.31481481,In,Neu
519,2304,13,4,Avg_In_Neu,44.03703704,In,Neu
520,2305,13,5,Avg_In_Neu,42.61111111,In,Neu
521,2306,13,6,Avg_In_Neu,42.5,In,Neu
522,2307,13,7,Avg_In_Neu,41.40740741,In,Neu
523,2308,13,8,Avg_In_Neu,39.42592593,In,Neu
524,2309,13,9,Avg_In_Neu,38.88888889,In,Neu
525,2310,13,10,Avg_In_Neu,41.83333333,In,Neu
526,2401,14,1,Avg_In_Neu,48.03535292,In,Neu
527,2402,14,2,Avg_In_Neu,45,In,Neu
528,2403,14,3,Avg_In_Neu,46.44444444,In,Neu
529,2404,14,4,Avg_In_Neu,44.68518519,In,Neu
530,2405,14,5,Avg_In_Neu,45.85185185,In,Neu
531,2406,14,6,Avg_In_Neu,46.35185185,In,Neu
532,2407,14,7,Avg_In_Neu,47.40740741,In,Neu
533,2408,14,8,Avg_In_Neu,47.09259259,In,Neu
534,2409,14,9,Avg_In_Neu,45.24074074,In,Neu
535,2410,14,10,Avg_In_Neu,43.33333333,In,Neu
536,2501,15,1,Avg_In_Neu,43.64814815,In,Neu
537,2502,15,2,Avg_In_Neu,37.83333333,In,Neu
538,2503,15,3,Avg_In_Neu,40.62962963,In,Neu
539,2504,15,4,Avg_In_Neu,42.53703704,In,Neu
540,2505,15,5,Avg_In_Neu,42.40740741,In,Neu
541,2506,15,6,Avg_In_Neu,38.46296296,In,Neu
542,2507,15,7,Avg_In_Neu,35.16666667,In,Neu
543,2508,15,8,Avg_In_Neu,34.53703704,In,Neu
544,2509,15,9,Avg_In_Neu,32.96296296,In,Neu
545,2510,15,10,Avg_In_Neu,29.94444444,In,Neu
546,2601,16,1,Avg_In_Neu,45,In,Neu
547,2602,16,2,Avg_In_Neu,43.27777778,In,Neu
548,2603,16,3,Avg_In_Neu,44.01851852,In,Neu
549,2604,16,4,Avg_In_Neu,41.55555556,In,Neu
550,2605,16,5,Avg_In_Neu,36.11111111,In,Neu
551,2606,16,6,Avg_In_Neu,30.61111111,In,Neu
552,2607,16,7,Avg_In_Neu,30.38888889,In,Neu
553,2608,16,8,Avg_In_Neu,27.81481481,In,Neu
554,2609,16,9,Avg_In_Neu,27.25925926,In,Neu
555,2610,16,10,Avg_In_Neu,34,In,Neu
556,2701,17,1,Avg_In_Neu,47.7962963,In,Neu
557,2702,17,2,Avg_In_Neu,44,In,Neu
558,2703,17,3,Avg_In_Neu,43.53703704,In,Neu
559,2704,17,4,Avg_In_Neu,39.51851852,In,Neu
560,2705,17,5,Avg_In_Neu,40.51851852,In,Neu
561,2706,17,6,Avg_In_Neu,36.42592593,In,Neu
562,2707,17,7,Avg_In_Neu,32.94444444,In,Neu
563,2708,17,8,Avg_In_Neu,32.83333333,In,Neu
564,2709,17,9,Avg_In_Neu,33.14814815,In,Neu
565,2710,17,10,Avg_In_Neu,33.61111111,In,Neu
566,2801,18,1,Avg_In_Neu,57.77777778,In,Neu
567,2802,18,2,Avg_In_Neu,57.92592593,In,Neu
568,2803,18,3,Avg_In_Neu,57.22222222,In,Neu
569,2804,18,4,Avg_In_Neu,50.35185185,In,Neu
570,2805,18,5,Avg_In_Neu,54.92592593,In,Neu
571,2806,18,6,Avg_In_Neu,54.44444444,In,Neu
572,2807,18,7,Avg_In_Neu,55.07407407,In,Neu
573,2808,18,8,Avg_In_Neu,56.44444444,In,Neu
574,2809,18,9,Avg_In_Neu,54.37037037,In,Neu
575,2810,18,10,Avg_In_Neu,51.66666667,In,Neu
576,1100,1,0,Avg_In_Neu,46.83333333,In,Neu
577,1200,2,0,Avg_In_Neu,45.33333333,In,Neu
578,1300,3,0,Avg_In_Neu,53.83333333,In,Neu
579,1400,4,0,Avg_In_Neu,51.5,In,Neu
580,1500,5,0,Avg_In_Neu,51.5,In,Neu
581,1600,6,0,Avg_In_Neu,47.33333333,In,Neu
582,1700,7,0,Avg_In_Neu,50.66666667,In,Neu
583,1800,8,0,Avg_In_Neu,53.83333333,In,Neu
584,1900,9,0,Avg_In_Neu,47.16666667,In,Neu
585,2000,10,0,Avg_In_Neu,51.5,In,Neu
586,2100,11,0,Avg_In_Neu,47.33333333,In,Neu
587,2200,12,0,Avg_In_Neu,46.83333333,In,Neu
588,2300,13,0,Avg_In_Neu,52.5,In,Neu
589,2400,14,0,Avg_In_Neu,50.83333333,In,Neu
590,2500,15,0,Avg_In_Neu,49,In,Neu
591,2600,16,0,Avg_In_Neu,47,In,Neu
592,2700,17,0,Avg_In_Neu,51.16666667,In,Neu
593,2800,18,0,Avg_In_Neu,55.83333333,In,Neu
594,1101,1,1,Avg_Ou_Neu,45.7037037,Ou,Neu
595,1102,1,2,Avg_Ou_Neu,43.05555556,Ou,Neu
596,1103,1,3,Avg_Ou_Neu,41.16666441,Ou,Neu
597,1104,1,4,Avg_Ou_Neu,41.59259259,Ou,Neu
598,1105,1,5,Avg_Ou_Neu,36.2037037,Ou,Neu
599,1106,1,6,Avg_Ou_Neu,35,Ou,Neu
600,1107,1,7,Avg_Ou_Neu,33.87037037,Ou,Neu
601,1108,1,8,Avg_Ou_Neu,33.16666667,Ou,Neu
602,1109,1,9,Avg_Ou_Neu,31.90740741,Ou,Neu
603,1110,1,10,Avg_Ou_Neu,30.74074074,Ou,Neu
604,1201,2,1,Avg_Ou_Neu,47.92592593,Ou,Neu
605,1202,2,2,Avg_Ou_Neu,48.2962963,Ou,Neu
606,1203,2,3,Avg_Ou_Neu,47.46296296,Ou,Neu
607,1204,2,4,Avg_Ou_Neu,47.22222222,Ou,Neu
608,1205,2,5,Avg_Ou_Neu,46.88888889,Ou,Neu
609,1206,2,6,Avg_Ou_Neu,43.83333333,Ou,Neu
610,1207,2,7,Avg_Ou_Neu,40.81481481,Ou,Neu
611,1208,2,8,Avg_Ou_Neu,40.01851852,Ou,Neu
612,1209,2,9,Avg_Ou_Neu,36.90740741,Ou,Neu
613,1210,2,10,Avg_Ou_Neu,35.38888889,Ou,Neu
614,1301,3,1,Avg_Ou_Neu,48.7221012,Ou,Neu
615,1302,3,2,Avg_Ou_Neu,47.22222222,Ou,Neu
616,1303,3,3,Avg_Ou_Neu,43.42592593,Ou,Neu
617,1304,3,4,Avg_Ou_Neu,43.22222222,Ou,Neu
618,1305,3,5,Avg_Ou_Neu,44.01851852,Ou,Neu
619,1306,3,6,Avg_Ou_Neu,41.22222222,Ou,Neu
620,1307,3,7,Avg_Ou_Neu,37.5,Ou,Neu
621,1308,3,8,Avg_Ou_Neu,38.74444411,Ou,Neu
622,1309,3,9,Avg_Ou_Neu,39.11111111,Ou,Neu
623,1310,3,10,Avg_Ou_Neu,39.59259259,Ou,Neu
624,1401,4,1,Avg_Ou_Neu,49.53703704,Ou,Neu
625,1402,4,2,Avg_Ou_Neu,48.24074074,Ou,Neu
626,1403,4,3,Avg_Ou_Neu,44.7962963,Ou,Neu
627,1404,4,4,Avg_Ou_Neu,40.22222222,Ou,Neu
628,1405,4,5,Avg_Ou_Neu,39.92592593,Ou,Neu
629,1406,4,6,Avg_Ou_Neu,35.2037037,Ou,Neu
630,1407,4,7,Avg_Ou_Neu,29.27777778,Ou,Neu
631,1408,4,8,Avg_Ou_Neu,26.33333333,Ou,Neu
632,1409,4,9,Avg_Ou_Neu,26.22222222,Ou,Neu
633,1410,4,10,Avg_Ou_Neu,23.51851852,Ou,Neu
634,1501,5,1,Avg_Ou_Neu,50.14814815,Ou,Neu
635,1502,5,2,Avg_Ou_Neu,49.55555556,Ou,Neu
636,1503,5,3,Avg_Ou_Neu,48.59259259,Ou,Neu
637,1504,5,4,Avg_Ou_Neu,43.42592593,Ou,Neu
638,1505,5,5,Avg_Ou_Neu,38.98148148,Ou,Neu
639,1506,5,6,Avg_Ou_Neu,40.85185185,Ou,Neu
640,1507,5,7,Avg_Ou_Neu,34.75925926,Ou,Neu
641,1508,5,8,Avg_Ou_Neu,33.83333333,Ou,Neu
642,1509,5,9,Avg_Ou_Neu,33.42592593,Ou,Neu
643,1510,5,10,Avg_Ou_Neu,32.14814815,Ou,Neu
644,1601,6,1,Avg_Ou_Neu,52.48148148,Ou,Neu
645,1602,6,2,Avg_Ou_Neu,51.44444444,Ou,Neu
646,1603,6,3,Avg_Ou_Neu,49.51851852,Ou,Neu
647,1604,6,4,Avg_Ou_Neu,44.27777778,Ou,Neu
648,1605,6,5,Avg_Ou_Neu,47.03703704,Ou,Neu
649,1606,6,6,Avg_Ou_Neu,43.81481481,Ou,Neu
650,1607,6,7,Avg_Ou_Neu,42.66666667,Ou,Neu
651,1608,6,8,Avg_Ou_Neu,43.14814815,Ou,Neu
652,1609,6,9,Avg_Ou_Neu,42.95679064,Ou,Neu
653,1610,6,10,Avg_Ou_Neu,34.53703704,Ou,Neu
654,1701,7,1,Avg_Ou_Neu,55.12962963,Ou,Neu
655,1702,7,2,Avg_Ou_Neu,54.37037037,Ou,Neu
656,1703,7,3,Avg_Ou_Neu,51.77777778,Ou,Neu
657,1704,7,4,Avg_Ou_Neu,48.48148148,Ou,Neu
658,1705,7,5,Avg_Ou_Neu,42.18518519,Ou,Neu
659,1706,7,6,Avg_Ou_Neu,43.57407407,Ou,Neu
660,1707,7,7,Avg_Ou_Neu,44.35185185,Ou,Neu
661,1708,7,8,Avg_Ou_Neu,44.2962963,Ou,Neu
662,1709,7,9,Avg_Ou_Neu,40.35185185,Ou,Neu
663,1710,7,10,Avg_Ou_Neu,31.77777778,Ou,Neu
664,1801,8,1,Avg_Ou_Neu,48.14814815,Ou,Neu
665,1802,8,2,Avg_Ou_Neu,44.90740741,Ou,Neu
666,1803,8,3,Avg_Ou_Neu,44.66666667,Ou,Neu
667,1804,8,4,Avg_Ou_Neu,45.07407407,Ou,Neu
668,1805,8,5,Avg_Ou_Neu,43.33333107,Ou,Neu
669,1806,8,6,Avg_Ou_Neu,44.64814815,Ou,Neu
670,1807,8,7,Avg_Ou_Neu,38.64814815,Ou,Neu
671,1808,8,8,Avg_Ou_Neu,37.25925926,Ou,Neu
672,1809,8,9,Avg_Ou_Neu,36.35185185,Ou,Neu
673,1810,8,10,Avg_Ou_Neu,31.40740741,Ou,Neu
674,1901,9,1,Avg_Ou_Neu,50.68518519,Ou,Neu
675,1902,9,2,Avg_Ou_Neu,49.16666667,Ou,Neu
676,1903,9,3,Avg_Ou_Neu,45.74074074,Ou,Neu
677,1904,9,4,Avg_Ou_Neu,44.57407407,Ou,Neu
678,1905,9,5,Avg_Ou_Neu,43.5,Ou,Neu
679,1906,9,6,Avg_Ou_Neu,35.94444444,Ou,Neu
680,1907,9,7,Avg_Ou_Neu,34.92592593,Ou,Neu
681,1908,9,8,Avg_Ou_Neu,34.44444444,Ou,Neu
682,1909,9,9,Avg_Ou_Neu,28.77777778,Ou,Neu
683,1910,9,10,Avg_Ou_Neu,27.27370467,Ou,Neu
684,2001,10,1,Avg_Ou_Neu,47.38888889,Ou,Neu
685,2002,10,2,Avg_Ou_Neu,42.57407407,Ou,Neu
686,2003,10,3,Avg_Ou_Neu,44.35802131,Ou,Neu
687,2004,10,4,Avg_Ou_Neu,42.64814815,Ou,Neu
688,2005,10,5,Avg_Ou_Neu,38.5,Ou,Neu
689,2006,10,6,Avg_Ou_Neu,34.33333333,Ou,Neu
690,2007,10,7,Avg_Ou_Neu,33.87037037,Ou,Neu
691,2008,10,8,Avg_Ou_Neu,31.14814815,Ou,Neu
692,2009,10,9,Avg_Ou_Neu,32.87036811,Ou,Neu
693,2009,10,10,Avg_Ou_Neu,35.33333333,Ou,Neu
694,2101,11,1,Avg_Ou_Neu,46.09259259,Ou,Neu
695,2102,11,2,Avg_Ou_Neu,44.24074074,Ou,Neu
696,2103,11,3,Avg_Ou_Neu,42.59259259,Ou,Neu
697,2104,11,4,Avg_Ou_Neu,42.94444444,Ou,Neu
698,2105,11,5,Avg_Ou_Neu,37.09259259,Ou,Neu
699,2106,11,6,Avg_Ou_Neu,30.54147334,Ou,Neu
700,2107,11,7,Avg_Ou_Neu,29.07407407,Ou,Neu
701,2108,11,8,Avg_Ou_Neu,27.12962963,Ou,Neu
702,2109,11,9,Avg_Ou_Neu,25.27777778,Ou,Neu
703,2110,11,10,Avg_Ou_Neu,22.87037037,Ou,Neu
704,2201,12,1,Avg_Ou_Neu,43.31481481,Ou,Neu
705,2202,12,2,Avg_Ou_Neu,35.11111111,Ou,Neu
706,2203,12,3,Avg_Ou_Neu,33.62962963,Ou,Neu
707,2204,12,4,Avg_Ou_Neu,31.7037037,Ou,Neu
708,2205,12,5,Avg_Ou_Neu,22.40740741,Ou,Neu
709,2206,12,6,Avg_Ou_Neu,20.96296296,Ou,Neu
710,2207,12,7,Avg_Ou_Neu,20.96296296,Ou,Neu
711,2208,12,8,Avg_Ou_Neu,17.35185185,Ou,Neu
712,2209,12,9,Avg_Ou_Neu,17.61111111,Ou,Neu
713,2210,12,10,Avg_Ou_Neu,22.24074074,Ou,Neu
714,2301,13,1,Avg_Ou_Neu,50.61111111,Ou,Neu
715,2302,13,2,Avg_Ou_Neu,52.09259259,Ou,Neu
716,2303,13,3,Avg_Ou_Neu,50.61111111,Ou,Neu
717,2304,13,4,Avg_Ou_Neu,46.51851852,Ou,Neu
718,2305,13,5,Avg_Ou_Neu,44.74074074,Ou,Neu
719,2306,13,6,Avg_Ou_Neu,45.33333333,Ou,Neu
720,2307,13,7,Avg_Ou_Neu,45.61111111,Ou,Neu
721,2308,13,8,Avg_Ou_Neu,43.68518519,Ou,Neu
722,2309,13,9,Avg_Ou_Neu,43.87037037,Ou,Neu
723,2310,13,10,Avg_Ou_Neu,39.14814815,Ou,Neu
724,2401,14,1,Avg_Ou_Neu,54.09090847,Ou,Neu
725,2402,14,2,Avg_Ou_Neu,52.27777778,Ou,Neu
726,2403,14,3,Avg_Ou_Neu,51.57407407,Ou,Neu
727,2404,14,4,Avg_Ou_Neu,50.85185185,Ou,Neu
728,2405,14,5,Avg_Ou_Neu,51.16666667,Ou,Neu
729,2406,14,6,Avg_Ou_Neu,50.66666667,Ou,Neu
730,2407,14,7,Avg_Ou_Neu,46.46296296,Ou,Neu
731,2408,14,8,Avg_Ou_Neu,43.77777778,Ou,Neu
732,2409,14,9,Avg_Ou_Neu,42.14814815,Ou,Neu
733,2410,14,10,Avg_Ou_Neu,38.85185185,Ou,Neu
734,2501,15,1,Avg_Ou_Neu,44.87037037,Ou,Neu
735,2502,15,2,Avg_Ou_Neu,47.83333333,Ou,Neu
736,2503,15,3,Avg_Ou_Neu,38.72222222,Ou,Neu
737,2504,15,4,Avg_Ou_Neu,39.2037037,Ou,Neu
738,2505,15,5,Avg_Ou_Neu,38.11111111,Ou,Neu
739,2506,15,6,Avg_Ou_Neu,34.5,Ou,Neu
740,2507,15,7,Avg_Ou_Neu,29.2037037,Ou,Neu
741,2508,15,8,Avg_Ou_Neu,30.59259259,Ou,Neu
742,2509,15,9,Avg_Ou_Neu,28.25925926,Ou,Neu
743,2510,15,10,Avg_Ou_Neu,24.90740741,Ou,Neu
744,2601,16,1,Avg_Ou_Neu,50.83333333,Ou,Neu
745,2602,16,2,Avg_Ou_Neu,49.40740741,Ou,Neu
746,2603,16,3,Avg_Ou_Neu,43.72222222,Ou,Neu
747,2604,16,4,Avg_Ou_Neu,38.12962963,Ou,Neu
748,2605,16,5,Avg_Ou_Neu,33.2962963,Ou,Neu
749,2606,16,6,Avg_Ou_Neu,31.14814815,Ou,Neu
750,2607,16,7,Avg_Ou_Neu,30.53703704,Ou,Neu
751,2608,16,8,Avg_Ou_Neu,28.92592593,Ou,Neu
752,2609,16,9,Avg_Ou_Neu,27.74074074,Ou,Neu
753,2610,16,10,Avg_Ou_Neu,18.14814815,Ou,Neu
754,2701,17,1,Avg_Ou_Neu,54.05555556,Ou,Neu
755,2702,17,2,Avg_Ou_Neu,50.42592593,Ou,Neu
756,2703,17,3,Avg_Ou_Neu,51,Ou,Neu
757,2704,17,4,Avg_Ou_Neu,45.01851852,Ou,Neu
758,2705,17,5,Avg_Ou_Neu,58.22222222,Ou,Neu
759,2706,17,6,Avg_Ou_Neu,59.62962963,Ou,Neu
760,2707,17,7,Avg_Ou_Neu,59.88888889,Ou,Neu
761,2708,17,8,Avg_Ou_Neu,63.27777778,Ou,Neu
762,2709,17,9,Avg_Ou_Neu,65.07407407,Ou,Neu
763,2710,17,10,Avg_Ou_Neu,66.51851852,Ou,Neu
764,2801,18,1,Avg_Ou_Neu,48.31481481,Ou,Neu
765,2802,18,2,Avg_Ou_Neu,39.48148148,Ou,Neu
766,2803,18,3,Avg_Ou_Neu,37.57407407,Ou,Neu
767,2804,18,4,Avg_Ou_Neu,42.40740741,Ou,Neu
768,2805,18,5,Avg_Ou_Neu,33.72222222,Ou,Neu
769,2806,18,6,Avg_Ou_Neu,32.55555556,Ou,Neu
770,2807,18,7,Avg_Ou_Neu,29.66666667,Ou,Neu
771,2808,18,8,Avg_Ou_Neu,32.40740741,Ou,Neu
772,2809,18,9,Avg_Ou_Neu,33.24074074,Ou,Neu
773,2810,18,10,Avg_Ou_Neu,30.11111111,Ou,Neu
774,1100,1,0,Avg_Ou_Neu,45.33333333,Ou,Neu
775,1200,2,0,Avg_Ou_Neu,46.83333333,Ou,Neu
776,1300,3,0,Avg_Ou_Neu,51.5,Ou,Neu
777,1400,4,0,Avg_Ou_Neu,53.83333333,Ou,Neu
778,1500,5,0,Avg_Ou_Neu,47.33333333,Ou,Neu
779,1600,6,0,Avg_Ou_Neu,51.5,Ou,Neu
780,1700,7,0,Avg_Ou_Neu,53.83333333,Ou,Neu
781,1800,8,0,Avg_Ou_Neu,50.66666667,Ou,Neu
782,1900,9,0,Avg_Ou_Neu,51.5,Ou,Neu
783,2000,10,0,Avg_Ou_Neu,47.16666667,Ou,Neu
784,2100,11,0,Avg_Ou_Neu,46.83333333,Ou,Neu
785,2200,12,0,Avg_Ou_Neu,47.33333333,Ou,Neu
786,2300,13,0,Avg_Ou_Neu,50.83333333,Ou,Neu
787,2400,14,0,Avg_Ou_Neu,52.5,Ou,Neu
788,2500,15,0,Avg_Ou_Neu,47,Ou,Neu
789,2600,16,0,Avg_Ou_Neu,49,Ou,Neu
790,2700,17,0,Avg_Ou_Neu,55.83333333,Ou,Neu
791,2800,18,0,Avg_Ou_Neu,51.16666667,Ou,Neu
792,1101,1,1,Avg_In_Pos,47.01851852,In,Pos
793,1102,1,2,Avg_In_Pos,44.07407407,In,Pos
794,1103,1,3,Avg_In_Pos,41.55555329,In,Pos
795,1104,1,4,Avg_In_Pos,44.83333333,In,Pos
796,1105,1,5,Avg_In_Pos,37.55555556,In,Pos
797,1106,1,6,Avg_In_Pos,37.2037037,In,Pos
798,1107,1,7,Avg_In_Pos,34.11111111,In,Pos
799,1108,1,8,Avg_In_Pos,32.48148148,In,Pos
800,1109,1,9,Avg_In_Pos,38.7037037,In,Pos
801,1110,1,10,Avg_In_Pos,45.72222222,In,Pos
802,1201,2,1,Avg_In_Pos,51.2962963,In,Pos
803,1202,2,2,Avg_In_Pos,51.85185185,In,Pos
804,1203,2,3,Avg_In_Pos,52.25925926,In,Pos
805,1204,2,4,Avg_In_Pos,51.24074074,In,Pos
806,1205,2,5,Avg_In_Pos,48.68518519,In,Pos
807,1206,2,6,Avg_In_Pos,45.83333333,In,Pos
808,1207,2,7,Avg_In_Pos,45.5,In,Pos
809,1208,2,8,Avg_In_Pos,43.07407407,In,Pos
810,1209,2,9,Avg_In_Pos,42.42592593,In,Pos
811,1210,2,10,Avg_In_Pos,39.7037037,In,Pos
812,1301,3,1,Avg_In_Pos,48.05543448,In,Pos
813,1302,3,2,Avg_In_Pos,45.59259259,In,Pos
814,1303,3,3,Avg_In_Pos,41.22222222,In,Pos
815,1304,3,4,Avg_In_Pos,39.47222222,In,Pos
816,1305,3,5,Avg_In_Pos,33.33333333,In,Pos
817,1306,3,6,Avg_In_Pos,29.94444444,In,Pos
818,1307,3,7,Avg_In_Pos,34.92592593,In,Pos
819,1308,3,8,Avg_In_Pos,35.55925892,In,Pos
820,1309,3,9,Avg_In_Pos,37,In,Pos
821,1310,3,10,Avg_In_Pos,34.51851852,In,Pos
822,1401,4,1,Avg_In_Pos,44.72222222,In,Pos
823,1402,4,2,Avg_In_Pos,40.87037037,In,Pos
824,1403,4,3,Avg_In_Pos,39.33333333,In,Pos
825,1404,4,4,Avg_In_Pos,40.7962963,In,Pos
826,1405,4,5,Avg_In_Pos,40.77777778,In,Pos
827,1406,4,6,Avg_In_Pos,38.18518519,In,Pos
828,1407,4,7,Avg_In_Pos,31.55555556,In,Pos
829,1408,4,8,Avg_In_Pos,29.16666667,In,Pos
830,1409,4,9,Avg_In_Pos,28.74074074,In,Pos
831,1410,4,10,Avg_In_Pos,25.46296296,In,Pos
832,1501,5,1,Avg_In_Pos,47.5,In,Pos
833,1502,5,2,Avg_In_Pos,47.12962963,In,Pos
834,1503,5,3,Avg_In_Pos,45.42592593,In,Pos
835,1504,5,4,Avg_In_Pos,39.7037037,In,Pos
836,1505,5,5,Avg_In_Pos,37.94444444,In,Pos
837,1506,5,6,Avg_In_Pos,36.2962963,In,Pos
838,1507,5,7,Avg_In_Pos,34.46296296,In,Pos
839,1508,5,8,Avg_In_Pos,34.01851852,In,Pos
840,1509,5,9,Avg_In_Pos,35.18518519,In,Pos
841,1510,5,10,Avg_In_Pos,47.64814815,In,Pos
842,1601,6,1,Avg_In_Pos,52.46296296,In,Pos
843,1602,6,2,Avg_In_Pos,53.27777778,In,Pos
844,1603,6,3,Avg_In_Pos,50.03703704,In,Pos
845,1604,6,4,Avg_In_Pos,46.33333333,In,Pos
846,1605,6,5,Avg_In_Pos,44.12962963,In,Pos
847,1606,6,6,Avg_In_Pos,38.68518519,In,Pos
848,1607,6,7,Avg_In_Pos,39.16666667,In,Pos
849,1608,6,8,Avg_In_Pos,40.90740741,In,Pos
850,1609,6,9,Avg_In_Pos,40.69753124,In,Pos
851,1610,6,10,Avg_In_Pos,39.03703704,In,Pos
852,1701,7,1,Avg_In_Pos,45.03703704,In,Pos
853,1702,7,2,Avg_In_Pos,45.07407407,In,Pos
854,1703,7,3,Avg_In_Pos,41.81481481,In,Pos
855,1704,7,4,Avg_In_Pos,47.88888889,In,Pos
856,1705,7,5,Avg_In_Pos,39.22222222,In,Pos
857,1706,7,6,Avg_In_Pos,41.38888889,In,Pos
858,1707,7,7,Avg_In_Pos,40.12962963,In,Pos
859,1708,7,8,Avg_In_Pos,23.66666667,In,Pos
860,1709,7,9,Avg_In_Pos,22.7037037,In,Pos
861,1710,7,10,Avg_In_Pos,19.11111111,In,Pos
862,1801,8,1,Avg_In_Pos,47.51851852,In,Pos
863,1802,8,2,Avg_In_Pos,43.61111111,In,Pos
864,1803,8,3,Avg_In_Pos,39.75925926,In,Pos
865,1804,8,4,Avg_In_Pos,45.18518519,In,Pos
866,1805,8,5,Avg_In_Pos,45.85184959,In,Pos
867,1806,8,6,Avg_In_Pos,47.75925926,In,Pos
868,1807,8,7,Avg_In_Pos,46.59259259,In,Pos
869,1808,8,8,Avg_In_Pos,44.7962963,In,Pos
870,1809,8,9,Avg_In_Pos,45.11111111,In,Pos
871,1810,8,10,Avg_In_Pos,42.40740741,In,Pos
872,1901,9,1,Avg_In_Pos,53.81481481,In,Pos
873,1902,9,2,Avg_In_Pos,54.5,In,Pos
874,1903,9,3,Avg_In_Pos,46.53703704,In,Pos
875,1904,9,4,Avg_In_Pos,46.33333333,In,Pos
876,1905,9,5,Avg_In_Pos,47.05555556,In,Pos
877,1906,9,6,Avg_In_Pos,44.55555556,In,Pos
878,1907,9,7,Avg_In_Pos,42.61111111,In,Pos
879,1908,9,8,Avg_In_Pos,43.14814815,In,Pos
880,1909,9,9,Avg_In_Pos,38.61111111,In,Pos
881,1910,9,10,Avg_In_Pos,37.47752186,In,Pos
882,2001,10,1,Avg_In_Pos,50.33333333,In,Pos
883,2002,10,2,Avg_In_Pos,47.44444444,In,Pos
884,2003,10,3,Avg_In_Pos,47.3580211,In,Pos
885,2004,10,4,Avg_In_Pos,45.25925926,In,Pos
886,2005,10,5,Avg_In_Pos,42.87037037,In,Pos
887,2006,10,6,Avg_In_Pos,41.5,In,Pos
888,2007,10,7,Avg_In_Pos,43.64814815,In,Pos
889,2008,10,8,Avg_In_Pos,43.88888889,In,Pos
890,2009,10,9,Avg_In_Pos,42.33333107,In,Pos
891,2009,10,10,Avg_In_Pos,37.61111111,In,Pos
892,2101,11,1,Avg_In_Pos,51.38888889,In,Pos
893,2102,11,2,Avg_In_Pos,52.07407407,In,Pos
894,2103,11,3,Avg_In_Pos,46.61111111,In,Pos
895,2104,11,4,Avg_In_Pos,44.87037037,In,Pos
896,2105,11,5,Avg_In_Pos,44.81481481,In,Pos
897,2106,11,6,Avg_In_Pos,43.48591866,In,Pos
898,2107,11,7,Avg_In_Pos,41.92592593,In,Pos
899,2108,11,8,Avg_In_Pos,39.68518519,In,Pos
900,2109,11,9,Avg_In_Pos,38.7962963,In,Pos
901,2110,11,10,Avg_In_Pos,36.7037037,In,Pos
902,2201,12,1,Avg_In_Pos,45.72222222,In,Pos
903,2202,12,2,Avg_In_Pos,39.07407407,In,Pos
904,2203,12,3,Avg_In_Pos,38.42592593,In,Pos
905,2204,12,4,Avg_In_Pos,36.92592593,In,Pos
906,2205,12,5,Avg_In_Pos,36.59259259,In,Pos
907,2206,12,6,Avg_In_Pos,36.03703704,In,Pos
908,2207,12,7,Avg_In_Pos,36.64814815,In,Pos
909,2208,12,8,Avg_In_Pos,35.31481481,In,Pos
910,2209,12,9,Avg_In_Pos,35.24074074,In,Pos
911,2210,12,10,Avg_In_Pos,38.42592593,In,Pos
912,2301,13,1,Avg_In_Pos,45.11111111,In,Pos
913,2302,13,2,Avg_In_Pos,45.37037037,In,Pos
914,2303,13,3,Avg_In_Pos,43.07407407,In,Pos
915,2304,13,4,Avg_In_Pos,38.72222222,In,Pos
916,2305,13,5,Avg_In_Pos,45.55555556,In,Pos
917,2306,13,6,Avg_In_Pos,47.72222222,In,Pos
918,2307,13,7,Avg_In_Pos,46.57407407,In,Pos
919,2308,13,8,Avg_In_Pos,45.68518519,In,Pos
920,2309,13,9,Avg_In_Pos,45.68518519,In,Pos
921,2310,13,10,Avg_In_Pos,40.16666667,In,Pos
922,2401,14,1,Avg_In_Pos,50.25757514,In,Pos
923,2402,14,2,Avg_In_Pos,44.66666667,In,Pos
924,2403,14,3,Avg_In_Pos,44.75925926,In,Pos
925,2404,14,4,Avg_In_Pos,43.59259259,In,Pos
926,2405,14,5,Avg_In_Pos,42.85185185,In,Pos
927,2406,14,6,Avg_In_Pos,41.2962963,In,Pos
928,2407,14,7,Avg_In_Pos,39,In,Pos
929,2408,14,8,Avg_In_Pos,38.68518519,In,Pos
930,2409,14,9,Avg_In_Pos,37.2037037,In,Pos
931,2410,14,10,Avg_In_Pos,36.22222222,In,Pos
932,2501,15,1,Avg_In_Pos,44.09259259,In,Pos
933,2502,15,2,Avg_In_Pos,44.96296296,In,Pos
934,2503,15,3,Avg_In_Pos,46.90740741,In,Pos
935,2504,15,4,Avg_In_Pos,46.62962963,In,Pos
936,2505,15,5,Avg_In_Pos,44.48148148,In,Pos
937,2506,15,6,Avg_In_Pos,40.66666667,In,Pos
938,2507,15,7,Avg_In_Pos,37.88888889,In,Pos
939,2508,15,8,Avg_In_Pos,37.94444444,In,Pos
940,2509,15,9,Avg_In_Pos,37.61111111,In,Pos
941,2510,15,10,Avg_In_Pos,35.55555556,In,Pos
942,2601,16,1,Avg_In_Pos,51.96296296,In,Pos
943,2602,16,2,Avg_In_Pos,49.55555556,In,Pos
944,2603,16,3,Avg_In_Pos,48.59259259,In,Pos
945,2604,16,4,Avg_In_Pos,45.92592593,In,Pos
946,2605,16,5,Avg_In_Pos,41.22222222,In,Pos
947,2606,16,6,Avg_In_Pos,42.35185185,In,Pos
948,2607,16,7,Avg_In_Pos,41.33333333,In,Pos
949,2608,16,8,Avg_In_Pos,40.98148148,In,Pos
950,2609,16,9,Avg_In_Pos,42.2037037,In,Pos
951,2610,16,10,Avg_In_Pos,40.61111111,In,Pos
952,2701,17,1,Avg_In_Pos,47.27777778,In,Pos
953,2702,17,2,Avg_In_Pos,44.07407407,In,Pos
954,2703,17,3,Avg_In_Pos,44.35185185,In,Pos
955,2704,17,4,Avg_In_Pos,40.42592593,In,Pos
956,2705,17,5,Avg_In_Pos,40.94444444,In,Pos
957,2706,17,6,Avg_In_Pos,43.07407407,In,Pos
958,2707,17,7,Avg_In_Pos,41.42592593,In,Pos
959,2708,17,8,Avg_In_Pos,42.31481481,In,Pos
960,2709,17,9,Avg_In_Pos,40,In,Pos
961,2710,17,10,Avg_In_Pos,39.62962963,In,Pos
962,2801,18,1,Avg_In_Pos,45.7037037,In,Pos
963,2802,18,2,Avg_In_Pos,42.05555556,In,Pos
964,2803,18,3,Avg_In_Pos,41.92592593,In,Pos
965,2804,18,4,Avg_In_Pos,40.01851852,In,Pos
966,2805,18,5,Avg_In_Pos,37.88888889,In,Pos
967,2806,18,6,Avg_In_Pos,37.68518519,In,Pos
968,2807,18,7,Avg_In_Pos,34.7962963,In,Pos
969,2808,18,8,Avg_In_Pos,38.40740741,In,Pos
970,2809,18,9,Avg_In_Pos,38.05555556,In,Pos
971,2810,18,10,Avg_In_Pos,36.07407407,In,Pos
972,1100,1,0,Avg_In_Pos,49.16666667,In,Pos
973,1200,2,0,Avg_In_Pos,52,In,Pos
974,1300,3,0,Avg_In_Pos,49,In,Pos
975,1400,4,0,Avg_In_Pos,49.66666667,In,Pos
976,1500,5,0,Avg_In_Pos,50.16666667,In,Pos
977,1600,6,0,Avg_In_Pos,51.83333333,In,Pos
978,1700,7,0,Avg_In_Pos,46,In,Pos
979,1800,8,0,Avg_In_Pos,47.33333333,In,Pos
980,1900,9,0,Avg_In_Pos,52.83333333,In,Pos
981,2000,10,0,Avg_In_Pos,51.16666667,In,Pos
982,2100,11,0,Avg_In_Pos,51.66666667,In,Pos
983,2200,12,0,Avg_In_Pos,49.16666667,In,Pos
984,2300,13,0,Avg_In_Pos,46.66666667,In,Pos
985,2400,14,0,Avg_In_Pos,51.16666667,In,Pos
986,2500,15,0,Avg_In_Pos,50,In,Pos
987,2600,16,0,Avg_In_Pos,52.66666667,In,Pos
988,2700,17,0,Avg_In_Pos,49,In,Pos
989,2800,18,0,Avg_In_Pos,46,In,Pos
990,1101,1,1,Avg_Ou_Pos,49.90740741,Ou,Pos
991,1102,1,2,Avg_Ou_Pos,48.88888889,Ou,Pos
992,1103,1,3,Avg_Ou_Pos,47.94444218,Ou,Pos
993,1104,1,4,Avg_Ou_Pos,37.48148148,Ou,Pos
994,1105,1,5,Avg_Ou_Pos,33.75925926,Ou,Pos
995,1106,1,6,Avg_Ou_Pos,33.59259259,Ou,Pos
996,1107,1,7,Avg_Ou_Pos,31.7037037,Ou,Pos
997,1108,1,8,Avg_Ou_Pos,29.07407407,Ou,Pos
998,1109,1,9,Avg_Ou_Pos,26.94444444,Ou,Pos
999,1110,1,10,Avg_Ou_Pos,17.92592593,Ou,Pos
1000,1201,2,1,Avg_Ou_Pos,49.14814815,Ou,Pos
1001,1202,2,2,Avg_Ou_Pos,49.88888889,Ou,Pos
1002,1203,2,3,Avg_Ou_Pos,50.48148148,Ou,Pos
1003,1204,2,4,Avg_Ou_Pos,49.22222222,Ou,Pos
1004,1205,2,5,Avg_Ou_Pos,52.61111111,Ou,Pos
1005,1206,2,6,Avg_Ou_Pos,53.24074074,Ou,Pos
1006,1207,2,7,Avg_Ou_Pos,53.33333333,Ou,Pos
1007,1208,2,8,Avg_Ou_Pos,53.48148148,Ou,Pos
1008,1209,2,9,Avg_Ou_Pos,52.77777778,Ou,Pos
1009,1210,2,10,Avg_Ou_Pos,52.25925926,Ou,Pos
1010,1301,3,1,Avg_Ou_Pos,45.37024912,Ou,Pos
1011,1302,3,2,Avg_Ou_Pos,42.37037037,Ou,Pos
1012,1303,3,3,Avg_Ou_Pos,34.46296296,Ou,Pos
1013,1304,3,4,Avg_Ou_Pos,33.67592593,Ou,Pos
1014,1305,3,5,Avg_Ou_Pos,39.51851852,Ou,Pos
1015,1306,3,6,Avg_Ou_Pos,36.2037037,Ou,Pos
1016,1307,3,7,Avg_Ou_Pos,28.22222222,Ou,Pos
1017,1308,3,8,Avg_Ou_Pos,35.35555522,Ou,Pos
1018,1309,3,9,Avg_Ou_Pos,34.5,Ou,Pos
1019,1310,3,10,Avg_Ou_Pos,31.18518519,Ou,Pos
1020,1401,4,1,Avg_Ou_Pos,45.68518519,Ou,Pos
1021,1402,4,2,Avg_Ou_Pos,44.66666667,Ou,Pos
1022,1403,4,3,Avg_Ou_Pos,35.24074074,Ou,Pos
1023,1404,4,4,Avg_Ou_Pos,37.09259259,Ou,Pos
1024,1405,4,5,Avg_Ou_Pos,36.48148148,Ou,Pos
1025,1406,4,6,Avg_Ou_Pos,34.44444444,Ou,Pos
1026,1407,4,7,Avg_Ou_Pos,27.90740741,Ou,Pos
1027,1408,4,8,Avg_Ou_Pos,26.44444444,Ou,Pos
1028,1409,4,9,Avg_Ou_Pos,26.44444444,Ou,Pos
1029,1410,4,10,Avg_Ou_Pos,24.83333333,Ou,Pos
1030,1501,5,1,Avg_Ou_Pos,50.51851852,Ou,Pos
1031,1502,5,2,Avg_Ou_Pos,49.24074074,Ou,Pos
1032,1503,5,3,Avg_Ou_Pos,48.01851852,Ou,Pos
1033,1504,5,4,Avg_Ou_Pos,44.40740741,Ou,Pos
1034,1505,5,5,Avg_Ou_Pos,43.07407407,Ou,Pos
1035,1506,5,6,Avg_Ou_Pos,35.87037037,Ou,Pos
1036,1507,5,7,Avg_Ou_Pos,32.22222222,Ou,Pos
1037,1508,5,8,Avg_Ou_Pos,28.07407407,Ou,Pos
1038,1509,5,9,Avg_Ou_Pos,28.42592593,Ou,Pos
1039,1510,5,10,Avg_Ou_Pos,18.83333333,Ou,Pos
1040,1601,6,1,Avg_Ou_Pos,43.74074074,Ou,Pos
1041,1602,6,2,Avg_Ou_Pos,39.75925926,Ou,Pos
1042,1603,6,3,Avg_Ou_Pos,41.38888889,Ou,Pos
1043,1604,6,4,Avg_Ou_Pos,38.11111111,Ou,Pos
1044,1605,6,5,Avg_Ou_Pos,35.83333333,Ou,Pos
1045,1606,6,6,Avg_Ou_Pos,43.74074074,Ou,Pos
1046,1607,6,7,Avg_Ou_Pos,39.2037037,Ou,Pos
1047,1608,6,8,Avg_Ou_Pos,37.03703704,Ou,Pos
1048,1609,6,9,Avg_Ou_Pos,39.31481503,Ou,Pos
1049,1610,6,10,Avg_Ou_Pos,36.7962963,Ou,Pos
1050,1701,7,1,Avg_Ou_Pos,45.37037037,Ou,Pos
1051,1702,7,2,Avg_Ou_Pos,46.87037037,Ou,Pos
1052,1703,7,3,Avg_Ou_Pos,43.48148148,Ou,Pos
1053,1704,7,4,Avg_Ou_Pos,27.64814815,Ou,Pos
1054,1705,7,5,Avg_Ou_Pos,24.25925926,Ou,Pos
1055,1706,7,6,Avg_Ou_Pos,26.12962963,Ou,Pos
1056,1707,7,7,Avg_Ou_Pos,26.14814815,Ou,Pos
1057,1708,7,8,Avg_Ou_Pos,37.53703704,Ou,Pos
1058,1709,7,9,Avg_Ou_Pos,39,Ou,Pos
1059,1710,7,10,Avg_Ou_Pos,34.51851852,Ou,Pos
1060,1801,8,1,Avg_Ou_Pos,43.61111111,Ou,Pos
1061,1802,8,2,Avg_Ou_Pos,39.25925926,Ou,Pos
1062,1803,8,3,Avg_Ou_Pos,36.96296296,Ou,Pos
1063,1804,8,4,Avg_Ou_Pos,34.42592593,Ou,Pos
1064,1805,8,5,Avg_Ou_Pos,33.88888663,Ou,Pos
1065,1806,8,6,Avg_Ou_Pos,35.01851852,Ou,Pos
1066,1807,8,7,Avg_Ou_Pos,26.62962963,Ou,Pos
1067,1808,8,8,Avg_Ou_Pos,24.75925926,Ou,Pos
1068,1809,8,9,Avg_Ou_Pos,24.24074074,Ou,Pos
1069,1810,8,10,Avg_Ou_Pos,17.01851852,Ou,Pos
1070,1901,9,1,Avg_Ou_Pos,49.09259259,Ou,Pos
1071,1902,9,2,Avg_Ou_Pos,47.07407407,Ou,Pos
1072,1903,9,3,Avg_Ou_Pos,40.25925926,Ou,Pos
1073,1904,9,4,Avg_Ou_Pos,43.59259259,Ou,Pos
1074,1905,9,5,Avg_Ou_Pos,43.44444444,Ou,Pos
1075,1906,9,6,Avg_Ou_Pos,37.74074074,Ou,Pos
1076,1907,9,7,Avg_Ou_Pos,35.55555556,Ou,Pos
1077,1908,9,8,Avg_Ou_Pos,37.81481481,Ou,Pos
1078,1909,9,9,Avg_Ou_Pos,31.81481481,Ou,Pos
1079,1910,9,10,Avg_Ou_Pos,30.94041212,Ou,Pos
1080,2001,10,1,Avg_Ou_Pos,51.72222222,Ou,Pos
1081,2002,10,2,Avg_Ou_Pos,49.27777778,Ou,Pos
1082,2003,10,3,Avg_Ou_Pos,49.45061355,Ou,Pos
1083,2004,10,4,Avg_Ou_Pos,49.27777778,Ou,Pos
1084,2005,10,5,Avg_Ou_Pos,50.2962963,Ou,Pos
1085,2006,10,6,Avg_Ou_Pos,44.38888889,Ou,Pos
1086,2007,10,7,Avg_Ou_Pos,45.87037037,Ou,Pos
1087,2008,10,8,Avg_Ou_Pos,44.37037037,Ou,Pos
1088,2009,10,9,Avg_Ou_Pos,43.27777552,Ou,Pos
1089,2009,10,10,Avg_Ou_Pos,43.42592593,Ou,Pos
1090,2101,11,1,Avg_Ou_Pos,48.83333333,Ou,Pos
1091,2102,11,2,Avg_Ou_Pos,49.22222222,Ou,Pos
1092,2103,11,3,Avg_Ou_Pos,48.12962963,Ou,Pos
1093,2104,11,4,Avg_Ou_Pos,47.37037037,Ou,Pos
1094,2105,11,5,Avg_Ou_Pos,48.46296296,Ou,Pos
1095,2106,11,6,Avg_Ou_Pos,43.96740018,Ou,Pos
1096,2107,11,7,Avg_Ou_Pos,39.59259259,Ou,Pos
1097,2108,11,8,Avg_Ou_Pos,38.01851852,Ou,Pos
1098,2109,11,9,Avg_Ou_Pos,37.5,Ou,Pos
1099,2110,11,10,Avg_Ou_Pos,36.46296296,Ou,Pos
1100,2201,12,1,Avg_Ou_Pos,47.01851852,Ou,Pos
1101,2202,12,2,Avg_Ou_Pos,38.38888889,Ou,Pos
1102,2203,12,3,Avg_Ou_Pos,38.09259259,Ou,Pos
1103,2204,12,4,Avg_Ou_Pos,36.09259259,Ou,Pos
1104,2205,12,5,Avg_Ou_Pos,35.37037037,Ou,Pos
1105,2206,12,6,Avg_Ou_Pos,35.31481481,Ou,Pos
1106,2207,12,7,Avg_Ou_Pos,36.2037037,Ou,Pos
1107,2208,12,8,Avg_Ou_Pos,34.7962963,Ou,Pos
1108,2209,12,9,Avg_Ou_Pos,34.48148148,Ou,Pos
1109,2210,12,10,Avg_Ou_Pos,38.2037037,Ou,Pos
1110,2301,13,1,Avg_Ou_Pos,52.94444444,Ou,Pos
1111,2302,13,2,Avg_Ou_Pos,56.03703704,Ou,Pos
1112,2303,13,3,Avg_Ou_Pos,52.14814815,Ou,Pos
1113,2304,13,4,Avg_Ou_Pos,47.25925926,Ou,Pos
1114,2305,13,5,Avg_Ou_Pos,37.96296296,Ou,Pos
1115,2306,13,6,Avg_Ou_Pos,37.64814815,Ou,Pos
1116,2307,13,7,Avg_Ou_Pos,36.81481481,Ou,Pos
1117,2308,13,8,Avg_Ou_Pos,34.75925926,Ou,Pos
1118,2309,13,9,Avg_Ou_Pos,33.77777778,Ou,Pos
1119,2310,13,10,Avg_Ou_Pos,27.5,Ou,Pos
1120,2401,14,1,Avg_Ou_Pos,44.09090847,Ou,Pos
1121,2402,14,2,Avg_Ou_Pos,41.75925926,Ou,Pos
1122,2403,14,3,Avg_Ou_Pos,43.83333333,Ou,Pos
1123,2404,14,4,Avg_Ou_Pos,40.40740741,Ou,Pos
1124,2405,14,5,Avg_Ou_Pos,41.7037037,Ou,Pos
1125,2406,14,6,Avg_Ou_Pos,40.88888889,Ou,Pos
1126,2407,14,7,Avg_Ou_Pos,40.14814815,Ou,Pos
1127,2408,14,8,Avg_Ou_Pos,42.38888889,Ou,Pos
1128,2409,14,9,Avg_Ou_Pos,41.87037037,Ou,Pos
1129,2410,14,10,Avg_Ou_Pos,40.22222222,Ou,Pos
1130,2501,15,1,Avg_Ou_Pos,52.25925926,Ou,Pos
1131,2502,15,2,Avg_Ou_Pos,51.18518519,Ou,Pos
1132,2503,15,3,Avg_Ou_Pos,49.57407407,Ou,Pos
1133,2504,15,4,Avg_Ou_Pos,49.51851852,Ou,Pos
1134,2505,15,5,Avg_Ou_Pos,47.61111111,Ou,Pos
1135,2506,15,6,Avg_Ou_Pos,47.98148148,Ou,Pos
1136,2507,15,7,Avg_Ou_Pos,46.51851852,Ou,Pos
1137,2508,15,8,Avg_Ou_Pos,47,Ou,Pos
1138,2509,15,9,Avg_Ou_Pos,55.68518519,Ou,Pos
1139,2510,15,10,Avg_Ou_Pos,51.94444444,Ou,Pos
1140,2601,16,1,Avg_Ou_Pos,46.51851852,Ou,Pos
1141,2602,16,2,Avg_Ou_Pos,43.37037037,Ou,Pos
1142,2603,16,3,Avg_Ou_Pos,41.35185185,Ou,Pos
1143,2604,16,4,Avg_Ou_Pos,38.18518519,Ou,Pos
1144,2605,16,5,Avg_Ou_Pos,32.62962963,Ou,Pos
1145,2606,16,6,Avg_Ou_Pos,29.24074074,Ou,Pos
1146,2607,16,7,Avg_Ou_Pos,27.81481481,Ou,Pos
1147,2608,16,8,Avg_Ou_Pos,27.22222222,Ou,Pos
1148,2609,16,9,Avg_Ou_Pos,26.24074074,Ou,Pos
1149,2610,16,10,Avg_Ou_Pos,24.85185185,Ou,Pos
1150,2701,17,1,Avg_Ou_Pos,43.48148148,Ou,Pos
1151,2702,17,2,Avg_Ou_Pos,35.40740741,Ou,Pos
1152,2703,17,3,Avg_Ou_Pos,32.01851852,Ou,Pos
1153,2704,17,4,Avg_Ou_Pos,28.22222222,Ou,Pos
1154,2705,17,5,Avg_Ou_Pos,31.57407407,Ou,Pos
1155,2706,17,6,Avg_Ou_Pos,26.05555556,Ou,Pos
1156,2707,17,7,Avg_Ou_Pos,20.25925926,Ou,Pos
1157,2708,17,8,Avg_Ou_Pos,18.7962963,Ou,Pos
1158,2709,17,9,Avg_Ou_Pos,24.75925926,Ou,Pos
1159,2710,17,10,Avg_Ou_Pos,23.05555556,Ou,Pos
1160,2801,18,1,Avg_Ou_Pos,46.5,Ou,Pos
1161,2802,18,2,Avg_Ou_Pos,48.01851852,Ou,Pos
1162,2803,18,3,Avg_Ou_Pos,46.75925926,Ou,Pos
1163,2804,18,4,Avg_Ou_Pos,48.64814815,Ou,Pos
1164,2805,18,5,Avg_Ou_Pos,46.51851852,Ou,Pos
1165,2806,18,6,Avg_Ou_Pos,45.40740741,Ou,Pos
1166,2807,18,7,Avg_Ou_Pos,43.09259259,Ou,Pos
1167,2808,18,8,Avg_Ou_Pos,43.59259259,Ou,Pos
1168,2809,18,9,Avg_Ou_Pos,43.88888889,Ou,Pos
1169,2810,18,10,Avg_Ou_Pos,41.31481481,Ou,Pos
1170,1100,1,0,Avg_Ou_Pos,52,Ou,Pos
1171,1200,2,0,Avg_Ou_Pos,49.16666667,Ou,Pos
1172,1300,3,0,Avg_Ou_Pos,49.66666667,Ou,Pos
1173,1400,4,0,Avg_Ou_Pos,49,Ou,Pos
1174,1500,5,0,Avg_Ou_Pos,51.83333333,Ou,Pos
1175,1600,6,0,Avg_Ou_Pos,50.16666667,Ou,Pos
1176,1700,7,0,Avg_Ou_Pos,47.33333333,Ou,Pos
1177,1800,8,0,Avg_Ou_Pos,46,Ou,Pos
1178,1900,9,0,Avg_Ou_Pos,51.16666667,Ou,Pos
1179,2000,10,0,Avg_Ou_Pos,52.83333333,Ou,Pos
1180,2100,11,0,Avg_Ou_Pos,49.16666667,Ou,Pos
1181,2200,12,0,Avg_Ou_Pos,51.66666667,Ou,Pos
1182,2300,13,0,Avg_Ou_Pos,51.16666667,Ou,Pos
1183,2400,14,0,Avg_Ou_Pos,46.66666667,Ou,Pos
1184,2500,15,0,Avg_Ou_Pos,52.66666667,Ou,Pos
1185,2600,16,0,Avg_Ou_Pos,50,Ou,Pos
1186,2700,17,0,Avg_Ou_Pos,46,Ou,Pos
1187,2800,18,0,Avg_Ou_Pos,49,Ou,Pos
